file_id,title,current_parent_path,proposed_peca,proposed_subfolder,proposed_full_path,confidence,tags,rationale,mime_type,size_bytes,duplicate_of,flag_review
B2B-001,"0 ANOTAÇÕES SOBRE B2B _ PARCERIA ADVOGADA.docx","B2B - ADVOGADOS/",7,07A_JURIDICO_DRA_JULIANA_MELO/notas-parceria,07_EXERCITO_ESPECIALISTAS/07A_JURIDICO_DRA_JULIANA_MELO/notas-parceria/,0.55,"b2b;parceria;notas;ciclo-incerto","Notas genéricas parceria advogada sem identificação de ciclo (Alencar/Melo) — MD5 distinto do homônimo sem prefixo '0 '",docx,9002,,true
B2B-002,"Dra. Juliana Alencar _ relatório de referência estratégica para o Meu Cumpadre.md","B2B - ADVOGADOS/",7,07A_JURIDICO_DRA_JULIANA_MELO/correspondencia/alencar-historico,07_EXERCITO_ESPECIALISTAS/07A_JURIDICO_DRA_JULIANA_MELO/correspondencia/alencar-historico/,0.80,"dra-juliana-alencar;referencia-estrategica;ciclo-encerrado;contem-terceiro-nominal;dd","Relatório DD sobre Alencar (ciclo fundacional encerrado 13/04, mas Alencar retornou ao marketplace como independente 18/04). Preservar como registro histórico.",md,16252,,true
B2B-003,"GROK _ Relatório Problematização mercado Advocacia Brasileira.pdf","B2B - ADVOGADOS/",8,08F_MERCADO_ADVOCACIA_BRASILEIRA,08_JURIDICO_FIREWALL_OAB/08F_MERCADO_ADVOCACIA_BRASILEIRA/,0.85,"dossie-externo;grok;mercado-advocacia;crise-estrutural","Dossiê externo contexto estratégico mercado advocacia — alimenta racional do Firewall OAB. Subpasta 08F proposta nova (não prevista no esqueleto).",pdf,2457108,,false
B2B-004,"PERPLEXITY _ Dossiê A Crise Estrutural da Advocacia Brasileira e o Agravante da Inteligência Artificial.pdf","B2B - ADVOGADOS/",8,08F_MERCADO_ADVOCACIA_BRASILEIRA,08_JURIDICO_FIREWALL_OAB/08F_MERCADO_ADVOCACIA_BRASILEIRA/,0.88,"dossie-externo;perplexity;mercado-advocacia;ia-impacto;duplicata-pdf","PDF duplicata do .md canônico B2B-030",pdf,1294166,B2B-030,false
B2B-005,"PERPLEXITY _ Dossie_Crise_Advocacia_Brasil_2025    versão final.pdf","B2B - ADVOGADOS/",8,08F_MERCADO_ADVOCACIA_BRASILEIRA/deprecated,08_JURIDICO_FIREWALL_OAB/08F_MERCADO_ADVOCACIA_BRASILEIRA/deprecated/,0.80,"dossie-externo;perplexity;versao-antiga;deprecated;duplicata-pdf","Versão antiga superseded pela rev.2 — duplicata do .md B2B-029",pdf,719449,B2B-029,true
B2B-006,"PERPLEXITY _ Dossie_Crise_Advocacia_Brasil_2025    versão final  rev.2.pdf","B2B - ADVOGADOS/",8,08F_MERCADO_ADVOCACIA_BRASILEIRA,08_JURIDICO_FIREWALL_OAB/08F_MERCADO_ADVOCACIA_BRASILEIRA/,0.90,"dossie-externo;perplexity;rev2;canonical-pdf;duplicata-pdf","PDF da versão rev.2 canônica (md B2B-028)",pdf,1056506,B2B-028,false
B2B-007,"GROK2 _ Densidade de Advogados por Estado (Foco Centro-Oeste e Goiás).pdf","B2B - ADVOGADOS/",5,05C_ADVOGADO_INTERIOR,05_ANCORA_R12k_JORNADA_CONVENCIONAL/05C_ADVOGADO_INTERIOR/,0.85,"dossie-externo;grok;densidade-advogados;benchmark-estado;centro-oeste;goias","Benchmark estatal de densidade de advogados — feed direto para 05C (âncora R$12k, camada advogado interior)",pdf,1766611,,false
B2B-008,"GROK3 _ Advocacia Previdenciária no Brasil (Abril 2026).pdf","B2B - ADVOGADOS/",8,08F_MERCADO_ADVOCACIA_BRASILEIRA,08_JURIDICO_FIREWALL_OAB/08F_MERCADO_ADVOCACIA_BRASILEIRA/,0.82,"dossie-externo;grok;advocacia-previdenciaria;abril-2026","Recorte mercado advocacia previdenciária",pdf,2331245,,false
B2B-009,"0 METAPROMPT PERPLEXITY.txt","B2B - ADVOGADOS/",9,09Z_QUARENTENA_NAO_CLASSIFICADO,09_ARQUIVO_LEGADO/09Z_QUARENTENA_NAO_CLASSIFICADO/,0.30,"vazio;txt-0-bytes","Arquivo 0 bytes — metaprompt não salvo. Quarentena para decisão Founder (deletar ou recuperar)",txt,0,,true
B2B-010,"GROK4 _ DOSSIÊ EXECUTIVO _ CORRELAÇÃO CAUSAL ENTRE A CRISE ESTRUTURAL DA ADVOCACIA BRASILEIRA E A FALÊNCIA ADMINISTRATIVA DO INSS - Dados primários janeiro-abril-2026.pdf","B2B - ADVOGADOS/",8,08F_MERCADO_ADVOCACIA_BRASILEIRA,08_JURIDICO_FIREWALL_OAB/08F_MERCADO_ADVOCACIA_BRASILEIRA/,0.88,"dossie-externo;grok;correlacao-crise-inss;dados-primarios;abril-2026","Cruzamento crise advocacia × falência INSS — relevante para tese estratégica MC",pdf,2512607,,false
B2B-011,"GROK5 _ Projeções Previdenciárias 2027–2030 (Dados oficiais + first-principles · Abril 2026).pdf","B2B - ADVOGADOS/",8,08F_MERCADO_ADVOCACIA_BRASILEIRA,08_JURIDICO_FIREWALL_OAB/08F_MERCADO_ADVOCACIA_BRASILEIRA/,0.80,"dossie-externo;grok;projecoes;first-principles;2027-2030","Projeções mercado previdenciário",pdf,1854446,,false
B2B-012,"GROK6 _ Impacto da IA na Judicialização Previdenciária (Dados primários – Abril 2026).pdf","B2B - ADVOGADOS/",8,08F_MERCADO_ADVOCACIA_BRASILEIRA,08_JURIDICO_FIREWALL_OAB/08F_MERCADO_ADVOCACIA_BRASILEIRA/,0.85,"dossie-externo;grok;judicializacao;ia-impacto;dados-primarios","IA × judicialização previdenciária",pdf,1878782,,false
B2B-013,"GROK7 _ Casos Complexos Previdenciários e o Papel da IA (Abril 2026).pdf","B2B - ADVOGADOS/",8,08F_MERCADO_ADVOCACIA_BRASILEIRA,08_JURIDICO_FIREWALL_OAB/08F_MERCADO_ADVOCACIA_BRASILEIRA/,0.82,"dossie-externo;grok;casos-complexos;ia","Casos complexos + papel IA",pdf,1871751,,false
B2B-014,"PERPLEXITY _ Dossie_Advocacia_Previdenciaria_2026.pdf","B2B - ADVOGADOS/",8,08F_MERCADO_ADVOCACIA_BRASILEIRA,08_JURIDICO_FIREWALL_OAB/08F_MERCADO_ADVOCACIA_BRASILEIRA/,0.85,"dossie-externo;perplexity;advocacia-previdenciaria;duplicata-pdf","PDF duplicata do .md canônico B2B-015",pdf,867143,B2B-015,false
B2B-015,"PERPLEXITY _ Dossie_Advocacia_Previdenciaria_2026.md","B2B - ADVOGADOS/",8,08F_MERCADO_ADVOCACIA_BRASILEIRA,08_JURIDICO_FIREWALL_OAB/08F_MERCADO_ADVOCACIA_BRASILEIRA/,0.88,"dossie-externo;perplexity;advocacia-previdenciaria;canonical","Canônica markdown",md,38967,,false
B2B-016,"Jéssica Lorrane 2.jpg","B2B - ADVOGADOS/Due Dilligence/",7,07A_JURIDICO_DRA_JULIANA_MELO/correspondencia/marketplace-outras,07_EXERCITO_ESPECIALISTAS/07A_JURIDICO_DRA_JULIANA_MELO/correspondencia/marketplace-outras/,0.60,"jessica-lorrane;contem-terceiro-nominal;imagem;dd","Imagem DD Jessica Lorrane (advogada marketplace 3a)",jpg,812585,,true
B2B-017,"Juliana  Alencar 2.jpg","B2B - ADVOGADOS/Due Dilligence/",7,07A_JURIDICO_DRA_JULIANA_MELO/correspondencia/alencar-historico,07_EXERCITO_ESPECIALISTAS/07A_JURIDICO_DRA_JULIANA_MELO/correspondencia/alencar-historico/,0.60,"juliana-alencar;contem-terceiro-nominal;imagem;dd;ciclo-encerrado","Imagem DD Alencar — ciclo fundacional encerrado",jpg,828252,,true
B2B-018,"Jéssica Lorrane.jpg","B2B - ADVOGADOS/Due Dilligence/",7,07A_JURIDICO_DRA_JULIANA_MELO/correspondencia/marketplace-outras,07_EXERCITO_ESPECIALISTAS/07A_JURIDICO_DRA_JULIANA_MELO/correspondencia/marketplace-outras/,0.60,"jessica-lorrane;contem-terceiro-nominal;imagem;dd","Imagem DD Jessica Lorrane",jpg,748807,,true
B2B-019,"Juliana Alencar 1.jpg","B2B - ADVOGADOS/Due Dilligence/",7,07A_JURIDICO_DRA_JULIANA_MELO/correspondencia/alencar-historico,07_EXERCITO_ESPECIALISTAS/07A_JURIDICO_DRA_JULIANA_MELO/correspondencia/alencar-historico/,0.60,"juliana-alencar;contem-terceiro-nominal;imagem;dd;ciclo-encerrado","Imagem DD Alencar",jpg,1048129,,true
B2B-020,"Juliana Alencar  3.jpg","B2B - ADVOGADOS/Due Dilligence/",7,07A_JURIDICO_DRA_JULIANA_MELO/correspondencia/alencar-historico,07_EXERCITO_ESPECIALISTAS/07A_JURIDICO_DRA_JULIANA_MELO/correspondencia/alencar-historico/,0.60,"juliana-alencar;contem-terceiro-nominal;imagem;dd;ciclo-encerrado","Imagem DD Alencar",jpg,746312,,true
B2B-021,"2026 04 13 18 37 44 _ Juliana Melo _ café.txt","B2B - ADVOGADOS/Due Dilligence/",7,07A_JURIDICO_DRA_JULIANA_MELO/correspondencia,07_EXERCITO_ESPECIALISTAS/07A_JURIDICO_DRA_JULIANA_MELO/correspondencia/,0.85,"juliana-melo;cafe;transcricao;dd;abril-2026","Transcrição/notas reunião café DD com Juliana Melo em 13/04/2026",txt,21696,,false
B2B-022,"20260413_BRIDGE_COMP_encerramento-ciclo-juliana-alencar_v1.0.md","B2B - ADVOGADOS/Due Dilligence/",7,07A_JURIDICO_DRA_JULIANA_MELO/correspondencia/alencar-historico,07_EXERCITO_ESPECIALISTAS/07A_JURIDICO_DRA_JULIANA_MELO/correspondencia/alencar-historico/,0.95,"encerramento-ciclo;alencar;bridge-doc;founder-decisao;contem-terceiro-nominal;2026-04-13","Documento formal de encerramento parceria Alencar assinado pelo Founder — preservar como registro histórico definitivo",md,6843,,true
B2B-023,"2026 04 14 17 50 03 JULIANA MELO.txt","B2B - ADVOGADOS/Due Dilligence/",7,07A_JURIDICO_DRA_JULIANA_MELO/correspondencia,07_EXERCITO_ESPECIALISTAS/07A_JURIDICO_DRA_JULIANA_MELO/correspondencia/,0.85,"juliana-melo;dd;transcricao;abril-2026","Transcrição DD Juliana Melo em 14/04/2026",txt,104385,,false
B2B-024,"2026 04 15 10 13 23 Juliana.pdf","B2B - ADVOGADOS/Due Dilligence/",7,07A_JURIDICO_DRA_JULIANA_MELO/correspondencia,07_EXERCITO_ESPECIALISTAS/07A_JURIDICO_DRA_JULIANA_MELO/correspondencia/,0.65,"juliana;dd;pdf;ambiguo","Nome ambíguo 'Juliana' (Melo ou Alencar?) — determinar por leitura de conteúdo",pdf,18242,,true
B2B-025,"GROK _ Dossiê sobre a Advocacia Brasileira       _        compilado.pdf","B2B - ADVOGADOS/",8,08F_MERCADO_ADVOCACIA_BRASILEIRA,08_JURIDICO_FIREWALL_OAB/08F_MERCADO_ADVOCACIA_BRASILEIRA/,0.85,"dossie-externo;grok;compilado;duplicata-pdf","PDF duplicata do .md canônico B2B-027 (14.6MB → provável versão escaneada/impressa)",pdf,14649927,B2B-027,false
B2B-026,"GROK _ Dossiê sobre a Advocacia Brasileira       _        compilado.txt","B2B - ADVOGADOS/",9,09Z_QUARENTENA_NAO_CLASSIFICADO,09_ARQUIVO_LEGADO/09Z_QUARENTENA_NAO_CLASSIFICADO/,0.30,"txt-3-bytes;stub-vazio;duplicata-stub","3 bytes — stub vazio, duplicata-órfã do compilado (B2B-027)",txt,3,B2B-027,true
B2B-027,"GROK _ Dossiê sobre a Advocacia Brasileira       _        compilado.md","B2B - ADVOGADOS/",8,08F_MERCADO_ADVOCACIA_BRASILEIRA,08_JURIDICO_FIREWALL_OAB/08F_MERCADO_ADVOCACIA_BRASILEIRA/,0.88,"dossie-externo;grok;compilado;canonical","Canônica markdown do compilado GROK",md,48701,,false
B2B-028,"PERPLEXITY _ Dossie_Crise_Advocacia_Brasil_2025    versão final  rev.2.md","B2B - ADVOGADOS/",8,08F_MERCADO_ADVOCACIA_BRASILEIRA,08_JURIDICO_FIREWALL_OAB/08F_MERCADO_ADVOCACIA_BRASILEIRA/,0.90,"dossie-externo;perplexity;rev2;canonical","Canônica rev.2 do dossiê Perplexity Crise Advocacia 2025",md,271272,,false
B2B-029,"PERPLEXITY _ Dossie_Crise_Advocacia_Brasil_2025    versão final.md","B2B - ADVOGADOS/",8,08F_MERCADO_ADVOCACIA_BRASILEIRA/deprecated,08_JURIDICO_FIREWALL_OAB/08F_MERCADO_ADVOCACIA_BRASILEIRA/deprecated/,0.80,"dossie-externo;perplexity;versao-antiga;deprecated","Versão antiga superseded pela rev.2 (B2B-028)",md,196421,,true
B2B-030,"PERPLEXITY _ Dossiê A Crise Estrutural da Advocacia Brasileira e o Agravante da Inteligência Artificial.md","B2B - ADVOGADOS/",8,08F_MERCADO_ADVOCACIA_BRASILEIRA,08_JURIDICO_FIREWALL_OAB/08F_MERCADO_ADVOCACIA_BRASILEIRA/,0.88,"dossie-externo;perplexity;crise-estrutural;ia-impacto;canonical","Canônica markdown — PDF B2B-004 é duplicata",md,218392,,false
B2B-031,"CLAUDE _ 20260413_RADAR_COMP_mc-oasis-no-caos-previdenciario-projecao-honorarios_v1.0.md","B2B - ADVOGADOS/",8,08F_MERCADO_ADVOCACIA_BRASILEIRA/analise-interna-mc,08_JURIDICO_FIREWALL_OAB/08F_MERCADO_ADVOCACIA_BRASILEIRA/analise-interna-mc/,0.88,"claude-radar;oasis-no-caos;projecao-honorarios;analise-interna;canonical","Análise estratégica interna MC baseada em 5 dossiês externos — projeção receita escritório parceiro. Pode cross-linkar para 03_ADR e 06 (Nubank LTV).",md,24513,,false
B2B-032,"CLAUDE _ 20260413_RADAR_COMP_mc-oasis-no-caos-previdenciario-projecao-honorarios_v1.0.pdf","B2B - ADVOGADOS/",8,08F_MERCADO_ADVOCACIA_BRASILEIRA/analise-interna-mc,08_JURIDICO_FIREWALL_OAB/08F_MERCADO_ADVOCACIA_BRASILEIRA/analise-interna-mc/,0.85,"duplicata-pdf","PDF duplicata de B2B-031",pdf,567760,B2B-031,false
B2B-033,"MC-ECOSSISTEMA-Modelo-Financeiro-v1_0-20260414.xlsx","B2B - ADVOGADOS/",2,02A_CANONICAS_VIGENTES,02_PLANILHAS_FINANCEIRAS_CANONICAS/02A_CANONICAS_VIGENTES/,0.85,"b2b;ecossistema;modelo-financeiro;premissas-inss;honorarios-30pct;jef;canonical","Modelo financeiro B2B ecossistema com premissas INSS/BEPS/TCU/JEF/honorários 30%. Nomenclatura MC- padrão. Feed direto Peça 2.",xlsx,23691,,false
B2B-034,"0 Plano de contratação para escritório previdenciário com IA  _ dados, modelos e dimensionamento.md","B2B - ADVOGADOS/",7,07A_JURIDICO_DRA_JULIANA_MELO/plano-contratacao,07_EXERCITO_ESPECIALISTAS/07A_JURIDICO_DRA_JULIANA_MELO/plano-contratacao/,0.82,"b2b;plano-contratacao;dimensionamento;ia-escritorio;cumpadre-advogados;canonical","Plano staffing escritório previdenciário com IA — feed direto para Cumpadre Advogados (holding Juliana Melo)",md,20105,,false
B2B-035,"0 Plano de contratação para escritório previdenciário com IA  _ dados, modelos e dimensionamento.pdf","B2B - ADVOGADOS/",7,07A_JURIDICO_DRA_JULIANA_MELO/plano-contratacao,07_EXERCITO_ESPECIALISTAS/07A_JURIDICO_DRA_JULIANA_MELO/plano-contratacao/,0.80,"duplicata-pdf","PDF duplicata de B2B-034",pdf,622933,B2B-034,false
B2B-036,"0 - Escritório Convencional × Escritório com IA × Meu Cumpadre.docx","B2B - ADVOGADOS/",4,04E_TAGLINE_AI_UNDER_HUMAN/comparativo_vs_legaltechs,04_DEFESA_ANTROPOLOGICA/04E_TAGLINE_AI_UNDER_HUMAN/comparativo_vs_legaltechs/,0.85,"comparativo;escritorio-convencional;escritorio-ia;meu-cumpadre;tagline;ai-under-human","Comparativo triplo — evidência diferenciação MC vs legaltechs vs convencional",docx,791140,,false
B2B-037,"CUMPADRE-ADVOGADOS-Manifesto-Recrutamento-Cultura-v1_0-20260414.docx","B2B - ADVOGADOS/",7,07A_JURIDICO_DRA_JULIANA_MELO/manifesto-cultura,07_EXERCITO_ESPECIALISTAS/07A_JURIDICO_DRA_JULIANA_MELO/manifesto-cultura/,0.78,"cumpadre-advogados;manifesto;recrutamento;cultura;holding","Manifesto cultura e recrutamento da holding Cumpadre Advogados — pode cross-linkar para 04F (Manifesto Dignidade)",docx,22930,,true
B2B-038,"0 MC-MANIFESTO-Parceria-B2B-Fundacional-v1_0-2026-0414.docx","B2B - ADVOGADOS/",7,07A_JURIDICO_DRA_JULIANA_MELO/manifesto-parceria,07_EXERCITO_ESPECIALISTAS/07A_JURIDICO_DRA_JULIANA_MELO/manifesto-parceria/,0.85,"manifesto-parceria-b2b;fundacional;melo;contrato;canonical","Manifesto fundacional da parceria B2B MC × Melo",docx,28505,,false
B2B-039,"CLAUDE para Advogados - Lucas USP - 2026-04-07 19-07-23.pdf","B2B - ADVOGADOS/Juliana Melo - material/WorkShops _ Juliana Melo/",9,09_ARQUIVO_LEGADO/workshops_ia_advogados,09_ARQUIVO_LEGADO/workshops_ia_advogados/,0.75,"workshop;lucas-usp;claude-advogados;contem-terceiro-nominal;treinamento-externo","Workshop externo USP — conteúdo de treinamento, fora do escopo direto duelo v3.0",pdf,289289,,true
B2B-040,"GIL FERNANDES 2026-04-10 13-33-26.pdf","B2B - ADVOGADOS/Juliana Melo - material/WorkShops _ Juliana Melo/",9,09_ARQUIVO_LEGADO/workshops_ia_advogados,09_ARQUIVO_LEGADO/workshops_ia_advogados/,0.75,"workshop;gil-fernandes;contem-terceiro-nominal;treinamento-externo","Workshop Gil Fernandes",pdf,341263,,true
B2B-041,"GIL FERNANDES 2026-04-11 13-16-39.pdf","B2B - ADVOGADOS/Juliana Melo - material/WorkShops _ Juliana Melo/",9,09_ARQUIVO_LEGADO/workshops_ia_advogados,09_ARQUIVO_LEGADO/workshops_ia_advogados/,0.75,"workshop;gil-fernandes;contem-terceiro-nominal;treinamento-externo","Workshop Gil Fernandes (2a ocorrência)",pdf,233745,,true
B2B-042,"ISMAEL PREV 2026-04-11 09-12-29.pdf","B2B - ADVOGADOS/Juliana Melo - material/WorkShops _ Juliana Melo/",9,09_ARQUIVO_LEGADO/workshops_ia_advogados,09_ARQUIVO_LEGADO/workshops_ia_advogados/,0.75,"workshop;ismael-prev;contem-terceiro-nominal;treinamento-externo","Workshop Ismael Prev",pdf,264128,,true
B2B-043,"ISMAEL PREV 2026-04-12 09-09-25.pdf","B2B - ADVOGADOS/Juliana Melo - material/WorkShops _ Juliana Melo/",9,09_ARQUIVO_LEGADO/workshops_ia_advogados,09_ARQUIVO_LEGADO/workshops_ia_advogados/,0.75,"workshop;ismael-prev;contem-terceiro-nominal;treinamento-externo","Workshop Ismael Prev (2a ocorrência)",pdf,563958,,true
B2B-044,"GIL FERNANDES 2026-04-11 10-20-25.pdf","B2B - ADVOGADOS/Juliana Melo - material/WorkShops _ Juliana Melo/",9,09_ARQUIVO_LEGADO/workshops_ia_advogados,09_ARQUIVO_LEGADO/workshops_ia_advogados/,0.75,"workshop;gil-fernandes;contem-terceiro-nominal;treinamento-externo","Workshop Gil Fernandes (3a ocorrência)",pdf,161964,,true
B2B-045,"Acesso ao PJe _ andamento processo.ts","B2B - ADVOGADOS/Juliana Melo - material/WorkShops _ Juliana Melo/",1,01D_RETRY_GOV_BR_MEU_INSS/pje_acesso,01_COGS_TEMPO_HOMEM/01D_RETRY_GOV_BR_MEU_INSS/pje_acesso/,0.60,"pje;automacao;typescript;acesso-gov;extensao-escopo","Código TS 11MB automação PJe. Extensão do 01D (originalmente só INSS/gov.br) para PJe-TJ. Avaliar se merece subpasta dedicada ou vai 09_LEGADO.",ts,11317600,,true
B2B-046,"Instagram.JPG","B2B - ADVOGADOS/Juliana Melo - material/",7,07A_JURIDICO_DRA_JULIANA_MELO/correspondencia,07_EXERCITO_ESPECIALISTAS/07A_JURIDICO_DRA_JULIANA_MELO/correspondencia/,0.75,"instagram;juliana-melo;social-screenshot","Screenshot Instagram Juliana Melo — evidência pegada digital da parceira",jpg,99874,,false
B2B-047,"MC-PARTNER-JulianaMelo-Qualificacao-v1_0-2026-0417.md.pdf","B2B - ADVOGADOS/Juliana Melo - material/",7,07A_JURIDICO_DRA_JULIANA_MELO/deprecated,07_EXERCITO_ESPECIALISTAS/07A_JURIDICO_DRA_JULIANA_MELO/deprecated/,0.92,"qualificacao-melo;v1_0;deprecated;erro-material;duplicata-pdf","PDF da v1.0 OBSOLETA (erro material corrigido na v1.1 B2B-049)",pdf,627580,B2B-048,true
B2B-048,"MC-PARTNER-JulianaMelo-Qualificacao-v1_0-2026-0417.md","B2B - ADVOGADOS/Juliana Melo - material/",7,07A_JURIDICO_DRA_JULIANA_MELO/deprecated,07_EXERCITO_ESPECIALISTAS/07A_JURIDICO_DRA_JULIANA_MELO/deprecated/,0.95,"qualificacao-melo;v1_0;deprecated;erro-material","Markdown v1.0 — OBSOLETA por erro material (afirmava '0/10 BLOQUEADO' em previdenciário). Substituída pela v1.1.",md,25539,,true
B2B-049,"MC-PARTNER-JulianaMelo-Qualificacao-v1_1-2026-0418.md","B2B - ADVOGADOS/Juliana Melo - material/",7,07A_JURIDICO_DRA_JULIANA_MELO/qualificacao,07_EXERCITO_ESPECIALISTAS/07A_JURIDICO_DRA_JULIANA_MELO/qualificacao/,0.95,"qualificacao-melo;v1_1;canonical;ativa;oab-go-38662;marketplace-etico","CANÔNICA — qualificação oficial Dra. Juliana Pereira de Melo (OAB-GO 38.662), aprovada por Alessandro em 18/04/2026. Reintroduz Alencar e Lorrane como marketplace.",md,8457,,false
B2B-050,"ANOTAÇÕES SOBRE B2B _ PARCERIA ADVOGADA.docx","B2B - ADVOGADOS/",7,07A_JURIDICO_DRA_JULIANA_MELO/notas-parceria,07_EXERCITO_ESPECIALISTAS/07A_JURIDICO_DRA_JULIANA_MELO/notas-parceria/,0.55,"b2b;parceria;notas;ciclo-incerto","Notas parceria advogada — MD5 distinto do homônimo com prefixo '0 ' (B2B-001). Ambos preservados, flag Founder.",docx,7740,,true
B2B-051,"Mapa Completo de Serviços Jurídicos de Caixa Rápido no Brasil 2025-2026.pdf","B2B - ADVOGADOS/Prateleira Serviços _ Nicho + Rápido/",5,05C_ADVOGADO_INTERIOR,05_ANCORA_R12k_JORNADA_CONVENCIONAL/05C_ADVOGADO_INTERIOR/,0.85,"dossie-externo;mapa-servicos;caixa-rapido;benchmark-precos;duplicata-pdf","PDF duplicata do .md canônico B2B-052",pdf,717543,B2B-052,false
B2B-052,"Mapa Completo de Serviços Jurídicos de Caixa Rápido no Brasil 2025-2026.md","B2B - ADVOGADOS/Prateleira Serviços _ Nicho + Rápido/",5,05C_ADVOGADO_INTERIOR,05_ANCORA_R12k_JORNADA_CONVENCIONAL/05C_ADVOGADO_INTERIOR/,0.88,"dossie-externo;mapa-servicos;caixa-rapido;benchmark-precos;22-servicos;canonical","Canônica markdown — 22 serviços jurídicos com lead-to-cash e ticket por faixa. Feed direto 05C.",md,24335,,false
B2B-053,"MC-B2B Partnership Qualification_ Dra. Juliana Melo Strategic Alliance Framework.pdf","B2B - ADVOGADOS/Prateleira Serviços _ Nicho + Rápido/",7,07A_JURIDICO_DRA_JULIANA_MELO/qualificacao,07_EXERCITO_ESPECIALISTAS/07A_JURIDICO_DRA_JULIANA_MELO/qualificacao/,0.82,"partnership-qualification;melo;strategic-alliance;duplicata-pdf","PDF duplicata do .md canônico B2B-054",pdf,838795,B2B-054,false
B2B-054,"MC-B2B Partnership Qualification_ Dra. Juliana Melo Strategic Alliance Framework.md","B2B - ADVOGADOS/Prateleira Serviços _ Nicho + Rápido/",7,07A_JURIDICO_DRA_JULIANA_MELO/qualificacao,07_EXERCITO_ESPECIALISTAS/07A_JURIDICO_DRA_JULIANA_MELO/qualificacao/,0.85,"partnership-qualification;melo;strategic-alliance;canonical","Framework formal da aliança estratégica MC × Melo",md,72393,,false
B2B-055,"PROCURACAO JULIANA ALENCAR.docx","B2B - ADVOGADOS/Juliana Alencar/",7,07A_JURIDICO_DRA_JULIANA_MELO/correspondencia/alencar-historico,07_EXERCITO_ESPECIALISTAS/07A_JURIDICO_DRA_JULIANA_MELO/correspondencia/alencar-historico/,0.85,"procuracao;alencar;ciclo-encerrado;contem-terceiro-nominal","Procuração formal Alencar do ciclo antigo (ref caso JER001 citado em BRIDGE B2B-022)",docx,59006,,true
B2B-056,"PTT-20260415-WA0049 Juliana Alencar.txt","B2B - ADVOGADOS/Juliana Alencar/",7,07A_JURIDICO_DRA_JULIANA_MELO/correspondencia/alencar-historico,07_EXERCITO_ESPECIALISTAS/07A_JURIDICO_DRA_JULIANA_MELO/correspondencia/alencar-historico/,0.60,"ptt-whatsapp;alencar;fragmento;contem-terceiro-nominal","Transcrição PTT WhatsApp 241 bytes — fragmento, pouca evidência",txt,241,,true
B2B-057,"JULIANA ALENCAR COSTA OAB MA Nº 24186.md","B2B - ADVOGADOS/Juliana Alencar/",7,07A_JURIDICO_DRA_JULIANA_MELO/correspondencia/alencar-historico,07_EXERCITO_ESPECIALISTAS/07A_JURIDICO_DRA_JULIANA_MELO/correspondencia/alencar-historico/,0.92,"alencar-costa;oab-ma-24186;identificacao;cpf;contem-terceiro-nominal;lgpd","Identificação formal Juliana Alencar Costa (OAB-MA 24186, CPF, RG) — contém PII, tratamento LGPD",md,372,,true
B2B-058,"OAB  n.º 60.378 _  JÉSSICA LORRANE SOARES BARBOS.md","B2B - ADVOGADOS/Jessica Lorrane Soares/",7,07A_JURIDICO_DRA_JULIANA_MELO/correspondencia/marketplace-outras,07_EXERCITO_ESPECIALISTAS/07A_JURIDICO_DRA_JULIANA_MELO/correspondencia/marketplace-outras/,0.90,"jessica-lorrane;oab-go-60378;identificacao;contem-terceiro-nominal;canonical","Identificação formal Jessica Lorrane Soares Barbosa (OAB-GO 60.378) — 3a advogada do marketplace ético",md,108,,true
B2B-059,"0 - Escritório Convencional × Escritório com IA × Meu Cumpadre.pdf","B2B - ADVOGADOS/",4,04E_TAGLINE_AI_UNDER_HUMAN/comparativo_vs_legaltechs,04_DEFESA_ANTROPOLOGICA/04E_TAGLINE_AI_UNDER_HUMAN/comparativo_vs_legaltechs/,0.85,"duplicata-pdf","PDF duplicata de B2B-036",pdf,178802,B2B-036,false
B2B-060,"OAB  n.º 60.378 _  JÉSSICA LORRANE SOARES BARBOS ADVOGADA DRA..md","B2B - ADVOGADOS/",7,07A_JURIDICO_DRA_JULIANA_MELO/correspondencia/marketplace-outras,07_EXERCITO_ESPECIALISTAS/07A_JURIDICO_DRA_JULIANA_MELO/correspondencia/marketplace-outras/,0.90,"jessica-lorrane;duplicata-exata;md5-identico","Duplicata EXATA (mesmo MD5) de B2B-058. Versão na raiz deve virar atalho.",md,108,B2B-058,true
COW-001,"MC-INVENTARIO-Drive-Cowork-v1_0-2026-0413.md","CLAUDE Cowork/",9,09_ARQUIVO_LEGADO/meta-varredura-anterior,09_ARQUIVO_LEGADO/meta-varredura-anterior/,0.85,"meta-varredura;cowork-scan-anterior;fase2","Inventário de varredura anterior do próprio Cowork — meta-doc, fora escopo duelo",md,16722,,false
COW-002,"MC-CURADORIA-Cowork-Fase2-v1_0-2026-0413.md","CLAUDE Cowork/",9,09_ARQUIVO_LEGADO/meta-varredura-anterior,09_ARQUIVO_LEGADO/meta-varredura-anterior/,0.85,"meta-varredura;curadoria;fase2","Curadoria fase 2 de varredura anterior do Cowork — meta-doc",md,12180,,false
COW-003,"Dossiê e Coletânea de Contos e Entrevistas _ Alessandro INSS - Serra do Ramalho BA - 2003 à 2022.md","CLAUDE Cowork/cowork-nucleo/",9,09B_BIOGRAFIA_STORYTELLING,09_ARQUIVO_LEGADO/09B_BIOGRAFIA_STORYTELLING/,0.92,"storytelling;alessandro;inss-22-anos;serra-ramalho;2003-2022;canonical","Dossiê biográfico 22 anos INSS Alessandro — canônico (duplicata MD5 em COW-004)",md,79145,,false
COW-004,"Dossiê e Coletânea de Contos e Entrevistas _ Alessandro INSS - Serra do Ramalho BA - 2003 à 2022   PROMPT.md","CLAUDE Cowork/cowork-nucleo/",9,09B_BIOGRAFIA_STORYTELLING/versoes,09_ARQUIVO_LEGADO/09B_BIOGRAFIA_STORYTELLING/versoes/,0.92,"storytelling;duplicata-md5-exata","Duplicata MD5 IDÊNTICA de COW-003 (sufixo PROMPT pode indicar cópia para re-prompting)",md,79145,COW-003,true
COW-005,"Origens Indígenas em Serra do Ramalho.md","CLAUDE Cowork/cowork-nucleo/",9,09F_CASOS_HISTORICOS/etnografia-local,09_ARQUIVO_LEGADO/09F_CASOS_HISTORICOS/etnografia-local/,0.78,"etnografia;indigenas;serra-ramalho;contexto-fundador","Etnografia local Serra do Ramalho — contexto fundador hipervulnerabilidade rural",md,52800,,false
COW-006,"Filme  A Cidade do Futuro .md","CLAUDE Cowork/cowork-nucleo/",9,09F_CASOS_HISTORICOS/etnografia-local,09_ARQUIVO_LEGADO/09F_CASOS_HISTORICOS/etnografia-local/,0.70,"filme;cidade-futuro;etnografia","Referência a filme — contexto cultural Serra do Ramalho",md,46141,,true
COW-007,"Primórdios de Serra do Ramalho  Cultura e Povos.md","CLAUDE Cowork/cowork-nucleo/",9,09F_CASOS_HISTORICOS/etnografia-local,09_ARQUIVO_LEGADO/09F_CASOS_HISTORICOS/etnografia-local/,0.78,"etnografia;serra-ramalho;cultura;povos","Primórdios culturais Serra do Ramalho — contexto fundador",md,57545,,false
COW-008,"Pescadores de Serra do Ramalho  Relatório Detalhado.md","CLAUDE Cowork/cowork-nucleo/",9,09F_CASOS_HISTORICOS/etnografia-local,09_ARQUIVO_LEGADO/09F_CASOS_HISTORICOS/etnografia-local/,0.78,"etnografia;pescadores;serra-ramalho","Relatório etnográfico pescadores",md,46275,,false
COW-009,"STORYTELLING - 1981 até 2002 -Arquiteto_Invisivel-v2_0-2026-0324.md","CLAUDE Cowork/cowork-nucleo/",9,09B_BIOGRAFIA_STORYTELLING,09_ARQUIVO_LEGADO/09B_BIOGRAFIA_STORYTELLING/,0.90,"storytelling;arquiteto-invisivel;alessandro;1981-2002;v2","Storytelling canônico Arquiteto do Invisível — v2 (mencionado em esqueleto 09B)",md,24122,,false
COW-010,"0 Anotações  Story Thelling _ ALESSANDRO - 22 anos de experiência .md","CLAUDE Cowork/cowork-nucleo/",9,09B_BIOGRAFIA_STORYTELLING/anotacoes,09_ARQUIVO_LEGADO/09B_BIOGRAFIA_STORYTELLING/anotacoes/,0.78,"storytelling;anotacoes;alessandro;22-anos","Anotações storytelling 22 anos INSS",md,10487,,false
COW-011,"DIA_D_25_03_2026_Alessandro.md","CLAUDE Cowork/cowork-nucleo/",9,09B_BIOGRAFIA_STORYTELLING,09_ARQUIVO_LEGADO/09B_BIOGRAFIA_STORYTELLING/,0.80,"dia-d;25-03-2026;marco-fundador;obsidian-vault-inauguracao","Dia D (25/03/2026) = marco inauguração Obsidian Vault (CLAUDE.md) — registro fundador. Pode cross-linkar para 04F.",md,12919,,false
COW-012,"A_CRISALIDA_Protocolo_Metamorfose_Diaria_Alessandro.md","CLAUDE Cowork/cowork-nucleo/",4,04F_MANIFESTO_DIGNIDADE/fase-crisalida,04_DEFESA_ANTROPOLOGICA/04F_MANIFESTO_DIGNIDADE/fase-crisalida/,0.80,"crisalida;protocolo;metamorfose;fase-atual-projeto","Protocolo fase crisálida — fase atual do projeto per CLAUDE.md",md,6963,,false
COW-013,"0 Problematização - Hipervulnerabilidade Digital - A falha sistêmica da emancipação.md","CLAUDE Cowork/cowork-nucleo/",4,04F_MANIFESTO_DIGNIDADE/hipervulnerabilidade,04_DEFESA_ANTROPOLOGICA/04F_MANIFESTO_DIGNIDADE/hipervulnerabilidade/,0.82,"hipervulnerabilidade;problematizacao;falha-sistemica;canonical","Problematização canônica hipervulnerabilidade digital — 426KB (duplicata MD5 em COW-036)",md,426616,,false
COW-014,"0 AMULETO SAGRADO.md","CLAUDE Cowork/cowork-nucleo/",4,04F_MANIFESTO_DIGNIDADE/simbolica,04_DEFESA_ANTROPOLOGICA/04F_MANIFESTO_DIGNIDADE/simbolica/,0.78,"amuleto-sagrado;manifesto-simbolico","Manifesto simbólico Amuleto Sagrado",md,12307,,false
COW-015,"0   temporário   AMULETO.md","CLAUDE Cowork/cowork-nucleo/",4,04F_MANIFESTO_DIGNIDADE/simbolica/versoes-anteriores,04_DEFESA_ANTROPOLOGICA/04F_MANIFESTO_DIGNIDADE/simbolica/versoes-anteriores/,0.72,"amuleto;temporario;versao-anterior","Versão temporária Amuleto — MD5 distinto das demais",md,18788,,true
COW-016,"amuleto-fenix-sagrada.md","CLAUDE Cowork/cowork-nucleo/",4,04F_MANIFESTO_DIGNIDADE/simbolica/versoes-anteriores,04_DEFESA_ANTROPOLOGICA/04F_MANIFESTO_DIGNIDADE/simbolica/versoes-anteriores/,0.72,"amuleto;fenix;versao-anterior","Versão fenix-sagrada — MD5 distinto das demais amuletos",md,12283,,true
COW-017,"0   temporária     apresentação ALESSANDRO.md","CLAUDE Cowork/cowork-nucleo/",9,09B_BIOGRAFIA_STORYTELLING/anotacoes,09_ARQUIVO_LEGADO/09B_BIOGRAFIA_STORYTELLING/anotacoes/,0.70,"apresentacao;alessandro;temporaria","Apresentação temporária Alessandro",md,19566,,true
COW-018,"0      compilado    problematização formato md.md","CLAUDE Cowork/cowork-nucleo/",4,04F_MANIFESTO_DIGNIDADE/hipervulnerabilidade/compilado,04_DEFESA_ANTROPOLOGICA/04F_MANIFESTO_DIGNIDADE/hipervulnerabilidade/compilado/,0.80,"compilado;problematizacao;hipervulnerabilidade","Compilado problematização hipervulnerabilidade — 277KB",md,277399,,false
COW-019,"Glossário Meu Cumpadre.md","CLAUDE Cowork/cowork-nucleo/upload leva 1/",0,00_INDEX_ARMADURA,00_INDEX_ARMADURA/,0.88,"glossario;indice;referencia","Glossário MC — candidato natural para 00_INDEX (ver glossário CLAUDE.md)",md,21321,,false
COW-020,"MC-GEM-SystemPrompt-Diario_INSS-v1_0-2026-0326.md","CLAUDE Cowork/cowork-nucleo/upload leva 1/",9,09_ARQUIVO_LEGADO/tooling-prompts,09_ARQUIVO_LEGADO/tooling-prompts/,0.78,"gemini;system-prompt;diario-inss;tooling","System prompt Gemini para diário INSS — tooling",md,12355,,false
COW-021,"MC-PROMPTS-Jornada_Usuario_INSS_Gemini-v1_0-2026-0326.md","CLAUDE Cowork/cowork-nucleo/upload leva 1/",9,09_ARQUIVO_LEGADO/tooling-prompts,09_ARQUIVO_LEGADO/tooling-prompts/,0.80,"gemini;prompts-jornada;inss;tooling","Prompts jornada usuário INSS — tooling Gemini",md,27050,,false
COW-022,"0 Problematização - Hipervulnerabilidade Digital no Brasil.md","CLAUDE Cowork/cowork-nucleo/upload leva 1/",4,04F_MANIFESTO_DIGNIDADE/hipervulnerabilidade,04_DEFESA_ANTROPOLOGICA/04F_MANIFESTO_DIGNIDADE/hipervulnerabilidade/,0.82,"hipervulnerabilidade;duplicata-md5-exata","Duplicata MD5 EXATA de COW-013 — localização em upload-leva-1 sugere versão de envio",md,426616,COW-013,true
COW-023,"tecnologia-assistiva-inclusao-digital-brasil.md","CLAUDE Cowork/cowork-nucleo/upload leva 1/",5,05G_HIPERVULNERABILIDADE_DIGITAL,05_ANCORA_R12k_JORNADA_CONVENCIONAL/05G_HIPERVULNERABILIDADE_DIGITAL/,0.75,"tecnologia-assistiva;inclusao-digital;fonte-primaria","Fonte primária inclusão digital — 05G proposta nova (hipervulnerabilidade digital como camada da âncora)",md,24863,,false
COW-024,"dimensoes-exclusao-invisivel.md","CLAUDE Cowork/cowork-nucleo/upload leva 1/",5,05G_HIPERVULNERABILIDADE_DIGITAL,05_ANCORA_R12k_JORNADA_CONVENCIONAL/05G_HIPERVULNERABILIDADE_DIGITAL/,0.75,"exclusao-invisivel;dimensoes;fonte-primaria","Dimensões da exclusão invisível — fonte primária",md,27000,,false
COW-025,"populacao-sem-acesso-internet-brasil.md","CLAUDE Cowork/cowork-nucleo/upload leva 1/",5,05G_HIPERVULNERABILIDADE_DIGITAL,05_ANCORA_R12k_JORNADA_CONVENCIONAL/05G_HIPERVULNERABILIDADE_DIGITAL/,0.80,"populacao-sem-internet;brasil;fonte-primaria","População sem internet Brasil — fonte primária",md,18846,,false
COW-026,"grito-silencioso-idosos-tempestade-digital.md","CLAUDE Cowork/cowork-nucleo/upload leva 1/",5,05G_HIPERVULNERABILIDADE_DIGITAL,05_ANCORA_R12k_JORNADA_CONVENCIONAL/05G_HIPERVULNERABILIDADE_DIGITAL/,0.78,"idosos;exclusao-digital;narrativa","Idosos × tempestade digital — matéria-prima Zilda-Layer",md,29352,,false
COW-027,"0 plataforma-das-plataformas-legado-eterno.md","CLAUDE Cowork/cowork-nucleo/upload leva 1/",4,04F_MANIFESTO_DIGNIDADE,04_DEFESA_ANTROPOLOGICA/04F_MANIFESTO_DIGNIDADE/,0.75,"plataforma-das-plataformas;legado-eterno;manifesto","Manifesto plataforma das plataformas",md,46623,,false
COW-028,"0 ALQUIMIA_VERTICAL_AI_HIPERVULNERABILIDADE_UNICORNIO.md","CLAUDE Cowork/cowork-nucleo/upload leva 1/",4,04F_MANIFESTO_DIGNIDADE,04_DEFESA_ANTROPOLOGICA/04F_MANIFESTO_DIGNIDADE/,0.75,"alquimia-vertical;hipervulnerabilidade;unicornio;visao","Visão alquimia Vertical AI × hipervulnerabilidade",md,33551,,false
COW-029,"Estruturando Advocacia Popular para Hipervulneráve.md","CLAUDE Cowork/cowork-nucleo/upload leva 1/",8,08F_MERCADO_ADVOCACIA_BRASILEIRA/advocacia-popular,08_JURIDICO_FIREWALL_OAB/08F_MERCADO_ADVOCACIA_BRASILEIRA/advocacia-popular/,0.72,"advocacia-popular;hipervulneraveis;estruturacao","Estruturação advocacia popular p/ hipervulneráveis",md,31151,,true
COW-030,"Mapeamento estratégico_ desintermediação da burocracia brasileira _ OCDE Accession Opportunities 2025-2027.md","CLAUDE Cowork/cowork-nucleo/upload leva 1/",3,03_ADR_DECISOES_ARQUITETURAIS/macro-estrategia,03_ADR_DECISOES_ARQUITETURAIS/macro-estrategia/,0.70,"ocde;desintermediacao;burocracia;macro-estrategia","Mapeamento estratégico OCDE — decisão macro, sem numeração ADR",md,23151,,true
COW-031,"0  API GOV - narrativa pacificada .md","CLAUDE Cowork/cowork-nucleo/upload leva 1/",1,01D_RETRY_GOV_BR_MEU_INSS/narrativa-api-gov,01_COGS_TEMPO_HOMEM/01D_RETRY_GOV_BR_MEU_INSS/narrativa-api-gov/,0.75,"api-gov;narrativa-pacificada;gov-br","Narrativa pacificada API GOV — contexto 01D",md,4488,,false
COW-032,"NICHO PREVIDENCIÁRIO  _ Relatório de Oportunidades Previdenciárias_ Nichos de Ouro.md","CLAUDE Cowork/cowork-nucleo/upload leva 1/",8,08F_MERCADO_ADVOCACIA_BRASILEIRA,08_JURIDICO_FIREWALL_OAB/08F_MERCADO_ADVOCACIA_BRASILEIRA/,0.75,"nichos;oportunidades-previdenciarias;mercado","Relatório nichos previdenciários — alinha com dossiês B2B-008/013",md,13030,,false
COW-033,"MeuCumpadre_  PITH 2026.md","CLAUDE Cowork/cowork-nucleo/upload leva 1/",0,00_INDEX_ARMADURA/pitch,00_INDEX_ARMADURA/pitch/,0.70,"pitch;pith;2026","'PITH' provável 'PITCH' — documento pitch 2026. Flag para esclarecimento do nome.",md,19525,,true
COW-034,"Justto - Anotações.docx","CLAUDE Cowork/cowork-nucleo/upload leva 1/",9,09_ARQUIVO_LEGADO/pesquisa-terceiros,09_ARQUIVO_LEGADO/pesquisa-terceiros/,0.72,"justto;terceiro-externo;pesquisa;contem-terceiro-nominal","Anotações sobre plataforma Justto — terceiro externo",docx,17113,,true
COW-035,"0 KNOWLEDGE_BASE_v4_COMPLETA.md  obra prima             AJUSTAR.md","CLAUDE Cowork/cowork-nucleo/upload leva 1/",0,00_INDEX_ARMADURA/knowledge-base,00_INDEX_ARMADURA/knowledge-base/,0.85,"knowledge-base;v4;doc-ancora-4;pendencia-ajustar","Knowledge Base v4 — doc-âncora 4 do CLAUDE.md. Nome indica 'AJUSTAR' = pendência de revisão.",md,78578,,true
COW-036,"MC-Hooks-Config-Doc-v1_0-2026-0404.md","CLAUDE Cowork/cowork-nucleo/upload leva 1/",9,09_ARQUIVO_LEGADO/tooling-config,09_ARQUIVO_LEGADO/tooling-config/,0.78,"hooks;config;tooling-claude-code","Documentação de hooks Claude Code — tooling",md,4381,,false
COW-037,"MC-PLAYBOOK-Custodia_Operacional-v2_0-2026-0404.md","CLAUDE Cowork/cowork-nucleo/upload leva 1/",4,04B_PROTOCOLO_OPERADOR_API_HUMANO/custodia,04_DEFESA_ANTROPOLOGICA/04B_PROTOCOLO_OPERADOR_API_HUMANO/custodia/,0.82,"playbook;custodia;operacional;protocolo-operador","Playbook custódia operacional v2.0",md,19397,,false
COW-038,"MC-Skills-Frontmatter-Standard-v1_0-2026-0404.md","CLAUDE Cowork/cowork-nucleo/upload leva 1/",9,09_ARQUIVO_LEGADO/tooling-skills,09_ARQUIVO_LEGADO/tooling-skills/,0.80,"skills;frontmatter;standard;tooling-claude-code","Standard de frontmatter para skills MC",md,15810,,false
COW-039,"MC-Spec-Driven-Workflow-v1_0-2026-0404.md","CLAUDE Cowork/cowork-nucleo/upload leva 1/",3,03_ADR_DECISOES_ARQUITETURAIS/metodologia-adversarial-spec-driven,03_ADR_DECISOES_ARQUITETURAIS/metodologia-adversarial-spec-driven/,0.82,"spec-driven;workflow;metodologia;adversarial","Metodologia Spec-Driven — ref feedback memória Adversarial Spec-Driven validado no ADR-007",md,14312,,false
COW-040,"Simulação de transição operacional do Meu Cumpadre dados para 3 cenários de Acesso Legal a Dados.md","CLAUDE Cowork/cowork-nucleo/upload leva 1/",7,07D_LGPD_MCP_OAB/cenarios,07_EXERCITO_ESPECIALISTAS/07D_LGPD_MCP_OAB/cenarios/,0.72,"lgpd;cenarios-acesso-dados;simulacao;compliance","Simulação 3 cenários acesso legal a dados — alimenta briefing 07D LGPD",md,18089,,true
COW-041,"Toolkit de AI para um CEO-builder solo operando Vertical AI no Brasil com Claude Code, Cowork e MCP.md","CLAUDE Cowork/cowork-nucleo/upload leva 1/",9,09_ARQUIVO_LEGADO/material-estudo,09_ARQUIVO_LEGADO/material-estudo/,0.80,"toolkit;ceo-builder;vertical-ai;material-estudo;contem-terceiro-nominal","Material estudo externo — toolkit CEO-builder Vertical AI",md,20586,,true
COW-042,"Ecossistema INSS digital fricções, predadores e oportunidade para orquestração documental.md","CLAUDE Cowork/cowork-nucleo/upload leva 1/",5,05D_ATRASO_BEPS_DATAPREV/ecossistema-inss,05_ANCORA_R12k_JORNADA_CONVENCIONAL/05D_ATRASO_BEPS_DATAPREV/ecossistema-inss/,0.78,"ecossistema-inss;friccoes;predadores;orquestracao-documental","Análise ecossistema INSS digital — cruza com 05D",md,23577,,false
COW-043,"O método LLM Knowledge Base de Andrej Karpathy _ pesquisa completa de fontes primárias.md","CLAUDE Cowork/cowork-nucleo/upload leva 1/",9,09_ARQUIVO_LEGADO/material-estudo,09_ARQUIVO_LEGADO/material-estudo/,0.82,"karpathy;llm-knowledge-base;material-estudo;contem-terceiro-nominal","Método LLM Karpathy — material estudo externo",md,17565,,true
COW-044,"Grimório Meu Cumpadre & Anjo, focado exclusivamente no papel do Anjo como microbioma humano do ecossistema.md","CLAUDE Cowork/cowork-nucleo/upload leva 1/",4,04B_PROTOCOLO_OPERADOR_API_HUMANO/anjo-microbioma,04_DEFESA_ANTROPOLOGICA/04B_PROTOCOLO_OPERADOR_API_HUMANO/anjo-microbioma/,0.82,"grimorio-anjo;microbioma-humano;tier2;protocolo-anjo","Grimório Anjo — papel Tier 2 como microbioma humano do ecossistema",md,261557,,false
COW-045,"MeuCumpadre_Prompt_Lovable_EstrategiaRural_V2.md","CLAUDE Cowork/cowork-nucleo/upload leva 1/",9,09_ARQUIVO_LEGADO/tooling-prompts,09_ARQUIVO_LEGADO/tooling-prompts/,0.75,"prompt;lovable;estrategia-rural;tooling","Prompt Lovable estratégia rural V2 — tooling",md,22083,,false
COW-046,"Correcao_Narrativa_48h_DEFINITIVA.md","CLAUDE Cowork/cowork-nucleo/upload leva 1/",4,04F_MANIFESTO_DIGNIDADE/regras-invioaveis,04_DEFESA_ANTROPOLOGICA/04F_MANIFESTO_DIGNIDADE/regras-invioaveis/,0.85,"correcao-48h;regra-inviolavel;definitiva;narrativa","Correção Narrativa 48h DEFINITIVA — regra inviolável #3 CLAUDE.md",md,15197,,false
COW-047,"MC-PROTOCOLO-Frameworks_Estrategicos_Checkin_Jornada-v1_0-2026-0314.md","CLAUDE Cowork/cowork-nucleo/upload leva 1/",3,03_ADR_DECISOES_ARQUITETURAIS/frameworks-estrategicos,03_ADR_DECISOES_ARQUITETURAIS/frameworks-estrategicos/,0.75,"frameworks-estrategicos;checkin-jornada;protocolo","Frameworks estratégicos check-in jornada — sem numeração ADR",md,17416,,false
COW-048,"Conceito_Hybrid_Vertical_AI_Full_Stack_Company.md","CLAUDE Cowork/cowork-nucleo/upload leva 1/",3,03_ADR_DECISOES_ARQUITETURAIS/conceito-fundador,03_ADR_DECISOES_ARQUITETURAIS/conceito-fundador/,0.80,"hybrid-vertical-ai;full-stack;conceito-fundador","Conceito fundador Hybrid Vertical AI Full Stack Company — identidade MC per CLAUDE.md",md,5695,,false
COW-049,"Gov_br_Open_APIs_Roadmap.md","CLAUDE Cowork/cowork-nucleo/upload leva 1/",1,01D_RETRY_GOV_BR_MEU_INSS/roadmap-open-apis,01_COGS_TEMPO_HOMEM/01D_RETRY_GOV_BR_MEU_INSS/roadmap-open-apis/,0.78,"gov-br;open-apis;roadmap","Roadmap Gov.br Open APIs — contexto 01D",md,15396,,false
COW-050,"MeuCumpadre_Valuation_v2_0_Confidencial.docx","CLAUDE Cowork/cowork-nucleo/upload leva 1/",9,09_ARQUIVO_LEGADO/confidencial,09_ARQUIVO_LEGADO/confidencial/,0.90,"valuation;v2;CONFIDENCIAL;nao-expor;proibido-expor-publicamente","Valuation v2.0 CONFIDENCIAL per CLAUDE.md — ZONA PROIBIDA de exposição. Manter isolado com ACL restrito.",docx,25819,,true
COW-051,"MC-NUCLEO-Conformidade-Abril-2026-v1_0.md","CLAUDE Cowork/cowork-nucleo/upload leva 1/",3,03_ADR_DECISOES_ARQUITETURAIS/conformidade,03_ADR_DECISOES_ARQUITETURAIS/conformidade/,0.78,"nucleo;conformidade;abril-2026","Relatório conformidade Núcleo MC Abr/2026",md,5157,,false
COW-052,"MC-COMPLIANCE-DPA-Anthropic-SCCs-Brasil-v1.0-2026-0417.md","CLAUDE Cowork/cowork-nucleo/upload leva 1/",7,07D_LGPD_MCP_OAB/dpa-anthropic,07_EXERCITO_ESPECIALISTAS/07D_LGPD_MCP_OAB/dpa-anthropic/,0.85,"compliance;dpa-anthropic;sccs-brasil;lgpd;canonical","DPA Anthropic com SCCs Brasil — compliance LGPD material para 07D",md,11781,,false
COW-053,"0 Repertório Documentos _ MC NUCLEO.txt","CLAUDE Cowork/cowork-nucleo/",9,09_ARQUIVO_LEGADO/meta-indices,09_ARQUIVO_LEGADO/meta-indices/,0.70,"repertorio;meta-indice;cowork-nucleo","Repertório documentos — meta-índice",txt,1999,,true
COW-054,"Plano_Integracao_Gilberto_Meu_Cumpadre.docx","CLAUDE Cowork/cowork-operacoes/",4,04B_PROTOCOLO_OPERADOR_API_HUMANO/tier1-suporte,04_DEFESA_ANTROPOLOGICA/04B_PROTOCOLO_OPERADOR_API_HUMANO/tier1-suporte/,0.82,"gilberto;beto;tier1-suporte;plano-integracao","Plano integração Gilberto/Beto (Tier 1 Suporte) — equipe interna MC",docx,26762,,false
COW-055,"MC-PLAYBOOK-Custodia_Credenciais_GovBr-v1_0-2026-0326.docx","CLAUDE Cowork/cowork-operacoes/",4,04B_PROTOCOLO_OPERADOR_API_HUMANO/custodia,04_DEFESA_ANTROPOLOGICA/04B_PROTOCOLO_OPERADOR_API_HUMANO/custodia/,0.80,"playbook;custodia;credenciais-govbr;protocolo-operador","Custódia credenciais gov.br — protocolo operador (cross-link 01D)",docx,17376,,false
COW-056,"MC-PLAYBOOK-Operacional_Beto-v1_0-2026-0326.docx","CLAUDE Cowork/cowork-operacoes/",4,04B_PROTOCOLO_OPERADOR_API_HUMANO/tier1-suporte,04_DEFESA_ANTROPOLOGICA/04B_PROTOCOLO_OPERADOR_API_HUMANO/tier1-suporte/,0.85,"playbook;operacional;beto;tier1","Playbook operacional Beto — Tier 1",docx,21482,,false
COW-057,"System_Prompt_Projeto_Beto.txt","CLAUDE Cowork/cowork-operacoes/",4,04B_PROTOCOLO_OPERADOR_API_HUMANO/tier1-suporte,04_DEFESA_ANTROPOLOGICA/04B_PROTOCOLO_OPERADOR_API_HUMANO/tier1-suporte/,0.78,"system-prompt;beto;tier1;projeto","System prompt projeto Beto",txt,2632,,false
COW-058,"Agenda 2026 - Página1.csv","CLAUDE Cowork/cowork-operacoes/",9,09_ARQUIVO_LEGADO/operacional,09_ARQUIVO_LEGADO/operacional/,0.70,"agenda;2026;operacional","Agenda operacional 2026 — contém eventos internos",csv,26928,,true
COW-059,"MC-BRIEFING-Operacional-Marlon-v2_0-2026-0326.docx","CLAUDE Cowork/cowork-operacoes/",9,09_ARQUIVO_LEGADO/bravy-marlon-substituido,09_ARQUIVO_LEGADO/bravy-marlon-substituido/,0.82,"bravy;marlon;briefing;substituido-por-iuri","Briefing Marlon (Bravy) — Marlon substituído por Iuri per memória",docx,25101,,true
COW-060,"MC-RESUMO-EXECUTIVO-BRAVY-MARLON-2026-0327.md","CLAUDE Cowork/cowork-operacoes/",9,09_ARQUIVO_LEGADO/bravy-marlon-substituido,09_ARQUIVO_LEGADO/bravy-marlon-substituido/,0.82,"bravy;marlon;resumo-executivo;contem-terceiro-nominal","Resumo executivo Bravy-Marlon — Marlon substituído por Iuri",md,11838,,true
COW-061,"Reunião 04 04 2026 tac tiq Igor e Carlos.txt","CLAUDE Cowork/cowork-operacoes/",3,03_ADR_DECISOES_ARQUITETURAIS/reunioes-tecnicas,03_ADR_DECISOES_ARQUITETURAIS/reunioes-tecnicas/,0.78,"reuniao;igor;carlos;tec-tiq;tecnica-interna","Reunião técnica interna Igor + Carlos (equipe MC)",txt,76733,,false
COW-062,"Cópia de Meu Cumpadre - Levantamento de requisitos.docx","CLAUDE Cowork/cowork-operacoes/",9,09_ARQUIVO_LEGADO/levantamento-antigo,09_ARQUIVO_LEGADO/levantamento-antigo/,0.70,"copia;levantamento-requisitos;antigo;329kb","Cópia de levantamento de requisitos — nome 'Cópia de' e tamanho 329KB sugerem versão antiga",docx,329379,,true
COW-063,"CONTRATOS VISUAL LAW - geração.md","CLAUDE Cowork/cowork-operacoes/",8,08C_CLAUSULAS_CONTRATUAIS/visual-law,08_JURIDICO_FIREWALL_OAB/08C_CLAUSULAS_CONTRATUAIS/visual-law/,0.78,"contratos;visual-law;geracao;clausulas","Contratos Visual Law — cláusulas/geração, 08C",md,13814,,false
COW-064,"0 Repertório Documentos _ MC OPERAÇÕES.txt","CLAUDE Cowork/cowork-operacoes/",9,09_ARQUIVO_LEGADO/meta-indices,09_ARQUIVO_LEGADO/meta-indices/,0.70,"repertorio;meta-indice;cowork-operacoes","Repertório meta-índice",txt,1020,,true
COW-065,"Documentação Carlos UX _ Meu Cumpadre .md","CLAUDE Cowork/cowork-dev/",3,03_ADR_DECISOES_ARQUITETURAIS/ux-carlos,03_ADR_DECISOES_ARQUITETURAIS/ux-carlos/,0.78,"carlos;ux;documentacao;equipe-interna","Documentação UX Carlos — equipe interna MC",md,11287,,false
COW-066,"Linguagem DEV Python + Node.js.md","CLAUDE Cowork/cowork-dev/",9,09_ARQUIVO_LEGADO/tech-spec,09_ARQUIVO_LEGADO/tech-spec/,0.72,"python;nodejs;linguagem-dev;tech-spec","Spec linguagem DEV Python + Node.js — owner Igor per CLAUDE.md",md,15899,,true
COW-067,"users.fluxograma.drawio","CLAUDE Cowork/cowork-dev/",3,03_ADR_DECISOES_ARQUITETURAIS/diagramas,03_ADR_DECISOES_ARQUITETURAIS/diagramas/,0.70,"fluxograma;drawio;diagrama-usuarios","Fluxograma de usuários em drawio — 196KB",drawio,196923,,true
COW-068,"Estruturação Projeto Meu Cumpadre  Metaprompts.md","CLAUDE Cowork/cowork-dev/",9,09_ARQUIVO_LEGADO/tooling-prompts,09_ARQUIVO_LEGADO/tooling-prompts/,0.70,"metaprompts;estruturacao-projeto;tooling","Metaprompts estruturação projeto — tooling",md,21182,,true
COW-069,"PROMPTS MÁGICOS _ Anotações e Guia.md","CLAUDE Cowork/cowork-dev/",9,09_ARQUIVO_LEGADO/tooling-prompts,09_ARQUIVO_LEGADO/tooling-prompts/,0.75,"prompts-magicos;anotacoes;guia;tooling","Anotações/guia prompts mágicos — 133KB tooling",md,133118,,false
COW-070,"transcrever.py","CLAUDE Cowork/cowork-dev/",9,09_ARQUIVO_LEGADO/tooling-scripts,09_ARQUIVO_LEGADO/tooling-scripts/,0.78,"python;transcrever;script;tooling","Script Python transcrição — tooling",py,17499,,false
COW-071,"0 CLAUDE_CODE_INSTRUCOES.md","CLAUDE Cowork/cowork-dev/",9,09_ARQUIVO_LEGADO/tooling-claude-code,09_ARQUIVO_LEGADO/tooling-claude-code/,0.75,"claude-code;instrucoes;tooling","Instruções Claude Code — tooling/meta",md,2230,,false
COW-072,"O Ecossistema da Inteligência Artificial Vertical e Agêntica em 2026  Uma Análise Estratégica da Automação de Próxima Geração e Governança Corporativa .md","CLAUDE Cowork/cowork-dev/",9,09_ARQUIVO_LEGADO/material-estudo,09_ARQUIVO_LEGADO/material-estudo/,0.78,"vertical-ai;agentica;2026;analise-estrategica;material-estudo","Análise estratégica Vertical AI + Agentica 2026 — material estudo",md,28126,,true
COW-073,"0 Repertório Documentos _ MC DEV.txt","CLAUDE Cowork/cowork-dev/",9,09_ARQUIVO_LEGADO/meta-indices,09_ARQUIVO_LEGADO/meta-indices/,0.70,"repertorio;meta-indice;cowork-dev","Repertório meta-índice DEV",txt,928,,true
COW-074,"FASE3-LOG.md","CLAUDE Cowork/",9,09_ARQUIVO_LEGADO/meta-varredura-anterior,09_ARQUIVO_LEGADO/meta-varredura-anterior/,0.80,"fase3;log;varredura-anterior","Log fase 3 varredura anterior Cowork",md,6494,,false
COW-075,"MC-ANALISE-Reuniao_Igor_Carlos-v1_0-2026-0408.md","CLAUDE Cowork/",3,03_ADR_DECISOES_ARQUITETURAIS/reunioes-tecnicas,03_ADR_DECISOES_ARQUITETURAIS/reunioes-tecnicas/,0.82,"reuniao;igor;carlos;analise;tecnica-interna","Análise reunião Igor + Carlos (equipe interna)",md,8401,,false
COW-076,"MC-ANALISE-Reuniao_Tiago_Bravy-v1_0-2026-0415.md","CLAUDE Cowork/",9,09_ARQUIVO_LEGADO/bravy-externo,09_ARQUIVO_LEGADO/bravy-externo/,0.80,"bravy;tiago;analise-reuniao;contem-terceiro-nominal","Análise reunião Tiago Bravy — externo",md,9018,,true
COW-077,"MC-ANALISE-Workflow_N8N_Bravy-v1_0-2026-0415.md","CLAUDE Cowork/",9,09_ARQUIVO_LEGADO/bravy-externo,09_ARQUIVO_LEGADO/bravy-externo/,0.80,"bravy;n8n;workflow;contem-terceiro-nominal","Análise workflow N8N Bravy — externo",md,9019,,true
COW-078,"MC-INFRA-Servidor_Hostinger_Acessos-v1_0-2026-0415.md","CLAUDE Cowork/",9,09_ARQUIVO_LEGADO/infra-tooling,09_ARQUIVO_LEGADO/infra-tooling/,0.75,"infra;servidor-hostinger;acessos","Acessos servidor Hostinger — infra/tooling",md,9293,,false
COW-079,"MC-BRIEFING-Alinhamento_Tecnico_Igor.md","CLAUDE Cowork/",3,03_ADR_DECISOES_ARQUITETURAIS/reunioes-tecnicas,03_ADR_DECISOES_ARQUITETURAIS/reunioes-tecnicas/,0.80,"briefing;alinhamento-tecnico;igor;equipe-interna","Briefing alinhamento técnico Igor — equipe interna",md,28068,,false
COW-080,"MC-PROCESSO-Jornada_E0E7_Mestre-v1_0-2026-0416.md","CLAUDE Cowork/",3,03_ADR_DECISOES_ARQUITETURAIS/jornada-e0-e7,03_ADR_DECISOES_ARQUITETURAIS/jornada-e0-e7/,0.88,"jornada-e0-e7;processo-mestre;canonical","Jornada E0→E7 mestre — processo canônico CLAUDE.md",md,25003,,false
COW-081,"MC-PROCESSO-Jornada_E0E7_Mestre-v1_0-2026-0416.md.pdf","CLAUDE Cowork/",3,03_ADR_DECISOES_ARQUITETURAIS/jornada-e0-e7,03_ADR_DECISOES_ARQUITETURAIS/jornada-e0-e7/,0.85,"duplicata-pdf","PDF duplicata de COW-080",pdf,651303,COW-080,false
COW-082,"0 Repertório Documentos _ MC PROTOCOLO ALESSANDRO.txt","CLAUDE Cowork/cowork-protocolo-alessandro/",9,09_ARQUIVO_LEGADO/meta-indices,09_ARQUIVO_LEGADO/meta-indices/,0.70,"repertorio;meta-indice;protocolo-alessandro","Repertório meta-índice — pasta praticamente vazia",txt,934,,true
COW-083,"Claude virou agent dashboard — o que muda no MC.pdf","CLAUDE Cowork/",9,09_ARQUIVO_LEGADO/analise-referencia,09_ARQUIVO_LEGADO/analise-referencia/,0.78,"claude-agent-dashboard;analise;referencia;duplicata-pdf","Análise Claude agent dashboard — PDF duplicata do .md COW-084",pdf,889238,COW-084,false
COW-084,"Claude virou agent dashboard — o que muda no MC - novidades 17 04 2026.md","CLAUDE Cowork/",9,09_ARQUIVO_LEGADO/analise-referencia,09_ARQUIVO_LEGADO/analise-referencia/,0.80,"claude-agent-dashboard;analise;referencia;novidades-17-04","Análise interna sobre novidades Claude agent dashboard (17/04/2026)",md,27838,,false
COW-085,"MC-ESTADO-Operacao-Proximos-Passos-v1_0-2026-0417.md","CLAUDE Cowork/",0,00_INDEX_ARMADURA/estado-operacional,00_INDEX_ARMADURA/estado-operacional/,0.85,"estado-operacao;proximos-passos;canonical;2026-04-17","Estado da operação + próximos passos — doc de navegação/bússola",md,28434,,false
COW-086,"MC-ESTADO-Operacao-Proximos-Passos-v1_0-2026-0417.md.pdf","CLAUDE Cowork/",0,00_INDEX_ARMADURA/estado-operacional,00_INDEX_ARMADURA/estado-operacional/,0.82,"duplicata-pdf","PDF duplicata de COW-085",pdf,638060,COW-085,false
COW-087,"MC-Skills-Constellation-v2.0-Mapa-Interativo.jsx","CLAUDE Cowork/skills/",9,09_ARQUIVO_LEGADO/tooling-skills-constellation,09_ARQUIVO_LEGADO/tooling-skills-constellation/,0.85,"skills-constellation;mapa-interativo;jsx;tooling","Mapa interativo skills constellation v2.0 em JSX",jsx,17060,,false
COW-088,"README.md","CLAUDE Cowork/skills/mc-skills-constellation/",9,09_ARQUIVO_LEGADO/tooling-skills-constellation,09_ARQUIVO_LEGADO/tooling-skills-constellation/,0.85,"skills-constellation;readme;tooling","README skills constellation",md,5376,,false
COW-089,"SKILL.md (analise-beps)","CLAUDE Cowork/skills/mc-skills-constellation/analise-beps/",9,09_ARQUIVO_LEGADO/tooling-skills-constellation/analise-beps,09_ARQUIVO_LEGADO/tooling-skills-constellation/analise-beps/,0.80,"skill;analise-beps;tooling;cross-link-05D","Skill análise BEPS — cross-link 05D",md,4035,,false
COW-090,"SKILL.md (anjo-capacitacao)","CLAUDE Cowork/skills/mc-skills-constellation/anjo-capacitacao/",9,09_ARQUIVO_LEGADO/tooling-skills-constellation/anjo-capacitacao,09_ARQUIVO_LEGADO/tooling-skills-constellation/anjo-capacitacao/,0.80,"skill;anjo-capacitacao;tooling;cross-link-04B","Skill capacitação Anjo — cross-link 04B",md,5124,,false
COW-091,"SKILL.md (blindagem-consumidor)","CLAUDE Cowork/skills/mc-skills-constellation/blindagem-consumidor/",9,09_ARQUIVO_LEGADO/tooling-skills-constellation/blindagem-consumidor,09_ARQUIVO_LEGADO/tooling-skills-constellation/blindagem-consumidor/,0.78,"skill;blindagem-consumidor;tooling;cross-link-08","Skill blindagem consumidor — cross-link 08",md,4525,,false
COW-092,"SKILL.md (compliance-lgpd)","CLAUDE Cowork/skills/mc-skills-constellation/compliance-lgpd/",9,09_ARQUIVO_LEGADO/tooling-skills-constellation/compliance-lgpd,09_ARQUIVO_LEGADO/tooling-skills-constellation/compliance-lgpd/,0.80,"skill;compliance-lgpd;tooling;cross-link-07D","Skill compliance LGPD — cross-link 07D",md,5184,,false
COW-093,"SKILL.md (comunicacao-institucional)","CLAUDE Cowork/skills/mc-skills-constellation/comunicacao-institucional/",9,09_ARQUIVO_LEGADO/tooling-skills-constellation/comunicacao-institucional,09_ARQUIVO_LEGADO/tooling-skills-constellation/comunicacao-institucional/,0.75,"skill;comunicacao-institucional;tooling;cross-link-04E","Skill comunicação institucional — cross-link 04E",md,4013,,false
COW-094,"SKILL.md (documentacao-produto)","CLAUDE Cowork/skills/mc-skills-constellation/documentacao-produto/",9,09_ARQUIVO_LEGADO/tooling-skills-constellation/documentacao-produto,09_ARQUIVO_LEGADO/tooling-skills-constellation/documentacao-produto/,0.72,"skill;documentacao-produto;tooling","Skill documentação produto",md,3927,,false
COW-095,"SKILL.md (dossie-proof-first)","CLAUDE Cowork/skills/mc-skills-constellation/dossie-proof-first/",9,09_ARQUIVO_LEGADO/tooling-skills-constellation/dossie-proof-first,09_ARQUIVO_LEGADO/tooling-skills-constellation/dossie-proof-first/,0.80,"skill;dossie-proof-first;tooling;regra-inviolavel-4","Skill dossiê Proof-First — regra inviolável #4 CLAUDE.md",md,5718,,false
COW-096,"SKILL.md (meu-cumpadre-orquestrador-mestre)","CLAUDE Cowork/skills/mc-skills-constellation/meu-cumpadre-orquestrador-mestre/",9,09_ARQUIVO_LEGADO/tooling-skills-constellation/orquestrador-mestre,09_ARQUIVO_LEGADO/tooling-skills-constellation/orquestrador-mestre/,0.80,"skill;orquestrador-mestre;tooling","Skill orquestrador mestre MC",md,7060,,false
COW-097,"SKILL.md (passarelas-cascata)","CLAUDE Cowork/skills/mc-skills-constellation/passarelas-cascata/",9,09_ARQUIVO_LEGADO/tooling-skills-constellation/passarelas-cascata,09_ARQUIVO_LEGADO/tooling-skills-constellation/passarelas-cascata/,0.78,"skill;passarelas-cascata;tooling;cross-link-06C","Skill passarelas/cascata — cross-link 06C cascata familiar",md,5134,,false
COW-098,"SKILL.md (pricing-monetizacao)","CLAUDE Cowork/skills/mc-skills-constellation/pricing-monetizacao/",9,09_ARQUIVO_LEGADO/tooling-skills-constellation/pricing-monetizacao,09_ARQUIVO_LEGADO/tooling-skills-constellation/pricing-monetizacao/,0.78,"skill;pricing-monetizacao;tooling;cross-link-adr-007","Skill pricing/monetização — cross-link ADR-007",md,4744,,false
COW-099,"SKILL.md (router-ethics)","CLAUDE Cowork/skills/mc-skills-constellation/router-ethics/",9,09_ARQUIVO_LEGADO/tooling-skills-constellation/router-ethics,09_ARQUIVO_LEGADO/tooling-skills-constellation/router-ethics/,0.82,"skill;router-ethics;tooling;doc-ancora-2","Skill Router-Ethics — doc-âncora 2 CLAUDE.md (105 nós determinísticos)",md,6835,,false
COW-100,"SKILL.md (triagem-previdenciaria)","CLAUDE Cowork/skills/mc-skills-constellation/triagem-previdenciaria/",9,09_ARQUIVO_LEGADO/tooling-skills-constellation/triagem-previdenciaria,09_ARQUIVO_LEGADO/tooling-skills-constellation/triagem-previdenciaria/,0.80,"skill;triagem-previdenciaria;tooling;cross-link-04B","Skill triagem previdenciária — cross-link 04B",md,6741,,false
COW-101,"SKILL.md (visual-law-inss)","CLAUDE Cowork/skills/mc-skills-constellation/visual-law-inss/",9,09_ARQUIVO_LEGADO/tooling-skills-constellation/visual-law-inss,09_ARQUIVO_LEGADO/tooling-skills-constellation/visual-law-inss/,0.75,"skill;visual-law-inss;tooling;cross-link-08C","Skill visual law INSS — cross-link 08C",md,4688,,false
COW-102,"SKILL.md (notebooklm)","CLAUDE Cowork/skills/notebooklm/",9,09_ARQUIVO_LEGADO/tooling-skills-notebooklm,09_ARQUIVO_LEGADO/tooling-skills-notebooklm/,0.85,"skill;notebooklm;tooling;reference-memoria","Skill notebooklm — corresponde a memória reference_notebooklm_py",md,14425,,false
COW-103,"features-beyond-ui.md","CLAUDE Cowork/skills/notebooklm/references/",9,09_ARQUIVO_LEGADO/tooling-skills-notebooklm/references,09_ARQUIVO_LEGADO/tooling-skills-notebooklm/references/,0.85,"notebooklm;reference;features","Reference features notebooklm",md,1372,,false
COW-104,"output-formats.md","CLAUDE Cowork/skills/notebooklm/references/",9,09_ARQUIVO_LEGADO/tooling-skills-notebooklm/references,09_ARQUIVO_LEGADO/tooling-skills-notebooklm/references/,0.85,"notebooklm;reference;output-formats","Reference output formats notebooklm",md,2730,,false
COW-105,"setup.md","CLAUDE Cowork/skills/notebooklm/references/",9,09_ARQUIVO_LEGADO/tooling-skills-notebooklm/references,09_ARQUIVO_LEGADO/tooling-skills-notebooklm/references/,0.85,"notebooklm;reference;setup","Reference setup notebooklm",md,3654,,false
COW-106,"workflows.md","CLAUDE Cowork/skills/notebooklm/references/",9,09_ARQUIVO_LEGADO/tooling-skills-notebooklm/references,09_ARQUIVO_LEGADO/tooling-skills-notebooklm/references/,0.85,"notebooklm;reference;workflows","Reference workflows notebooklm",md,5165,,false
CLK-001,"0 MC-CLICKUP-EXTRACAO-COMPLETA-v1_0-2026-04-18.md","ClickUP 4.0 x Claude Code/",8,08H_LGPD_INCIDENTES/clickup-pii-leak-abril2026,08_FIREWALL_OAB/08H_LGPD_INCIDENTES/clickup-pii-leak-abril2026/,0.95,"lgpd;incidente;pii;gov.br-senha;custom-field-MEU-INSS;clickup;Bravy","Relatorio extracao ClickUp identifica PII ativo (CPF CAS001 + senha gov.br em custom field); evidencia dura do porque Firewall LGPD e inegociavel",md,49056,,true
CLK-002,"0 MC-PROMPT-NovaGuia-ProjetoMae-ClickUp-v2_0-2026-0418.md","ClickUP 4.0 x Claude Code/",9,tooling-clickup-reconstruction,09_ARQUIVO_LEGADO/tooling-clickup-reconstruction/,0.85,"clickup;prompt;tooling;reconstrucao","Prompt reconstrucao ClickUp Projeto Mae; tooling operacional fora do duelo v3.0",md,10947,,false
CLK-003,"2026-03-14 ClickUP VibeCoding 1.pdf","ClickUP 4.0 x Claude Code/",9,tooling-clickup-reconstruction,09_ARQUIVO_LEGADO/tooling-clickup-reconstruction/,0.8,"clickup;vibecoding;tooling","Registro sessao VibeCoding ClickUp; material de aprendizado",pdf,503846,,false
CLK-004,"90134248500zYQ38D0.csv","ClickUP 4.0 x Claude Code/",9,bravy-clickup-extraction,09_ARQUIVO_LEGADO/bravy-clickup-extraction/,0.9,"clickup;dump-429-tasks;sem-time-spent;Gestao=Administrativo;evidencia-bug","Dump completo 429 tasks ClickUp Bravy; SEM Time Spent preenchido (zero cronometragem operacional); evidencia duplicacao Gestao=Administrativo",csv,195731,,false
CLK-005,"Analise do Claude N8N _ Workflow_ Agente MEU CUMPADRE Bravy.md","ClickUP 4.0 x Claude Code/",9,tooling-n8n-bravy,09_ARQUIVO_LEGADO/tooling-n8n-bravy/,0.85,"n8n;bravy;workflow;tooling","Analise workflow N8N entregue pelo Bravy; tooling infraestrutura",md,3097,,false
CLK-006,"INSTAGRAM - reformulacao.md","ClickUP 4.0 x Claude Code/",9,marketing-social,09_ARQUIVO_LEGADO/marketing-social/,0.75,"instagram;marketing;reformulacao","Nota reformulacao Instagram; fora do escopo v3.0",md,203,,false
CLK-007,"JP CLAUDE 22 3.pdf","ClickUP 4.0 x Claude Code/",9,bravy-marlon,09_ARQUIVO_LEGADO/bravy-marlon/,0.85,"bravy;joao-pedro;transcricao-pdf;hub-clickup-alternativa","Transcricao sessao JP Bravy sobre Hub ClickUp; conteudo narrativo tempo real (nao cronometragem); versao PDF",pdf,514872,CLK-008,false
CLK-008,"JP CLAUDE 22 3.txt","ClickUP 4.0 x Claude Code/",9,bravy-marlon,09_ARQUIVO_LEGADO/bravy-marlon/,0.9,"bravy;joao-pedro;transcricao-txt;hub-clickup-alternativa","Transcricao sessao JP Bravy sobre Hub ClickUp; versao texto trabalhavel (canonica vs CLK-007 PDF)",txt,313780,,false
CLK-009,"MC-BRIEFING-Bravy-Mapeamento-v1_0-2026-0324.docx.pdf","ClickUP 4.0 x Claude Code/",9,bravy-marlon,09_ARQUIVO_LEGADO/bravy-marlon/,0.9,"bravy;mapeamento;briefing;pdf","Briefing formal mapeamento Bravy; material ciclo anterior",pdf,224597,,false
CLK-010,"MC-BRIEFING-Operacional-Marlon-v2_0-2026-0326.docx","ClickUP 4.0 x Claude Code/",9,bravy-marlon,09_ARQUIVO_LEGADO/bravy-marlon/,0.9,"bravy;marlon;briefing-operacional","Briefing operacional Marlon v2.0; material ciclo anterior Bravy",docx,25101,,false
CLK-011,"MC-METAPROMPT-ClickUp-Reconstrucao-v1_0-2026-0417.md","ClickUP 4.0 x Claude Code/",9,tooling-clickup-reconstruction,09_ARQUIVO_LEGADO/tooling-clickup-reconstruction/,0.85,"clickup;metaprompt;reconstrucao;tooling","Metaprompt reconstrucao ClickUp; tooling pos-Bravy",md,8500,,false
CLK-012,"MC-PLANO-Migracao-N8N-Bravy-para-MC-v1_0-2026-0415.md","ClickUP 4.0 x Claude Code/",9,tooling-n8n-bravy,09_ARQUIVO_LEGADO/tooling-n8n-bravy/,0.85,"n8n;migracao;bravy;tooling","Plano migracao workflow N8N do Bravy para MC; tooling transicao",md,13392,,false
CLK-013,"MC-PROMPT-Fase2-ClickUp-Migracao-v1_0-2026-0417.md","ClickUP 4.0 x Claude Code/",9,tooling-clickup-reconstruction,09_ARQUIVO_LEGADO/tooling-clickup-reconstruction/,0.85,"clickup;prompt;fase2;migracao;tooling","Prompt Fase 2 migracao ClickUp; tooling reconstrucao",md,8013,,false
CLK-014,"MC-PROMPT-Fatia0-CAS001-Amostra-v1_0-2026-0417.md","ClickUP 4.0 x Claude Code/",8,08H_LGPD_INCIDENTES/clickup-pii-leak-abril2026,08_FIREWALL_OAB/08H_LGPD_INCIDENTES/clickup-pii-leak-abril2026/,0.9,"lgpd;CAS001;pii;fatia0;remediacao","Prompt fatia0 usando CAS001 como amostra; contem PII; parte do incidente LGPD ClickUp",md,9124,,true
CLK-015,"MC-RESPOSTA-Fatia0-JER001-v1_0-2026-0417.md","ClickUP 4.0 x Claude Code/",8,08H_LGPD_INCIDENTES/clickup-pii-leak-abril2026,08_FIREWALL_OAB/08H_LGPD_INCIDENTES/clickup-pii-leak-abril2026/,0.85,"lgpd;JER001;pii;fatia0;resposta","Resposta fatia0 JER001; terceiro nominal + possivel PII; parte do incidente LGPD",md,6408,,true
CLK-016,"MC-RESUMO-EXECUTIVO-BRAVY-MARLON-2026-0327.md","ClickUP 4.0 x Claude Code/",9,bravy-marlon,09_ARQUIVO_LEGADO/bravy-marlon/,0.9,"bravy;marlon;resumo-executivo","Resumo executivo ciclo Bravy-Marlon",md,11838,,false
CLK-017,"MC-SPEC-ClickUp-Reconstrucao-v1_0-2026-0417.md.pdf","ClickUP 4.0 x Claude Code/",9,tooling-clickup-reconstruction,09_ARQUIVO_LEGADO/tooling-clickup-reconstruction/,0.85,"clickup;spec;reconstrucao;v1;pdf","Spec formal reconstrucao ClickUp v1.0; tooling infraestrutura (nao ADR v3.0)",pdf,555537,,false
CLK-018,"N8N _ Agente_MEU_CUMPADRE.json","ClickUP 4.0 x Claude Code/",9,tooling-n8n-bravy,09_ARQUIVO_LEGADO/tooling-n8n-bravy/,0.9,"n8n;workflow;json;agente-mc;bravy","Export JSON workflow N8N Agente MC; tooling Bravy",json,103726,,false
CLK-019,"Painel Coolify _ zero projetos.JPG","ClickUP 4.0 x Claude Code/",9,tooling-infra,09_ARQUIVO_LEGADO/tooling-infra/,0.8,"coolify;painel;infra;screenshot","Screenshot painel Coolify sem projetos; evidencia infra nao-utilizada",jpg,109867,,false
CLK-020,"Tiago Teles _ 2026-04-15 17-26-19.pdf","ClickUP 4.0 x Claude Code/",9,bravy-marlon,09_ARQUIVO_LEGADO/bravy-marlon/,0.85,"bravy;tiago-teles;pdf","Registro Tiago Teles (Bravy); ciclo anterior",pdf,27183,,false
CLK-021,"_MC-RESPOSTA-Claude-Lab-Correcoes-v1_0-2026-0418.md","ClickUP 4.0 x Claude Code/",9,tooling-clickup-reconstruction,09_ARQUIVO_LEGADO/tooling-clickup-reconstruction/,0.85,"clickup;lab;correcoes;resposta","Resposta Claude Lab com correcoes ClickUp; tooling",md,8707,,false
CLK-022,"_MC-RESPOSTA-Lab-CaminhoD-v1_0-2026-0418.md","ClickUP 4.0 x Claude Code/",9,tooling-clickup-reconstruction,09_ARQUIVO_LEGADO/tooling-clickup-reconstruction/,0.8,"clickup;lab;caminhoD;resposta","Resposta Lab Caminho D; tooling",md,4725,,false
CLK-023,"_MC-SPEC-ClickUp-Reconstrucao-v2_0-2026-0418.md","ClickUP 4.0 x Claude Code/",9,tooling-clickup-reconstruction,09_ARQUIVO_LEGADO/tooling-clickup-reconstruction/,0.9,"clickup;spec;reconstrucao;v2;canonica","Spec reconstrucao ClickUp v2.0 (canonica vs v1.0 CLK-017); tooling",md,19303,,false
CLK-024,"pacote no novo Project ClickUp Lab - MC Broker.zip","ClickUP 4.0 x Claude Code/",9,tooling-clickup-reconstruction,09_ARQUIVO_LEGADO/tooling-clickup-reconstruction/,0.8,"clickup;lab;broker;zip;pacote","Pacote zip novo Project ClickUp Lab MC Broker; tooling",zip,32218,,false
CLK-025,"reuniao 23 03 2026 MARLON.txt","ClickUP 4.0 x Claude Code/",9,bravy-marlon,09_ARQUIVO_LEGADO/bravy-marlon/,0.9,"bravy;marlon;reuniao;transcricao;23-03","Transcricao reuniao Marlon 23/03/2026; ciclo Bravy",txt,26526,,false
CLK-026,"reuniao 25 03 2026 MARLON.txt","ClickUP 4.0 x Claude Code/",9,bravy-marlon,09_ARQUIVO_LEGADO/bravy-marlon/,0.9,"bravy;marlon;reuniao;transcricao;25-03","Transcricao reuniao Marlon 25/03/2026; ciclo Bravy",txt,25650,,false
CLK-027,"IMG-20260316-WA0135.jpg","ClickUP 4.0 x Claude Code/LIGHTFORMS cancelamento e reembolso/",9,vendor-cancellation/lightforms-make,09_ARQUIVO_LEGADO/vendor-cancellation/lightforms-make/,0.8,"lightforms;whatsapp;imagem;vendor","Imagem WhatsApp sobre cancelamento LightForms/Make",jpg,120442,,false
CLK-028,"IMG-20260415-WA0094.jpg","ClickUP 4.0 x Claude Code/LIGHTFORMS cancelamento e reembolso/",9,vendor-cancellation/lightforms-make,09_ARQUIVO_LEGADO/vendor-cancellation/lightforms-make/,0.8,"lightforms;whatsapp;imagem;vendor","Imagem WhatsApp sobre cancelamento LightForms/Make",jpg,39689,,false
CLK-029,"IMG-20260415-WA0202.jpg","ClickUP 4.0 x Claude Code/LIGHTFORMS cancelamento e reembolso/",9,vendor-cancellation/lightforms-make,09_ARQUIVO_LEGADO/vendor-cancellation/lightforms-make/,0.8,"lightforms;whatsapp;imagem;vendor","Imagem WhatsApp sobre cancelamento LightForms/Make",jpg,36528,,false
CLK-030,"LIGHT FORMS 0 _ em 12 meses pagando assinatura e nunca utilizamos.JPG","ClickUP 4.0 x Claude Code/LIGHTFORMS cancelamento e reembolso/",9,vendor-cancellation/lightforms-make,09_ARQUIVO_LEGADO/vendor-cancellation/lightforms-make/,0.9,"lightforms;assinatura-nao-usada;12-meses;vendor;waste","Screenshot 12 meses pagando sem usar; evidencia waste vendor",jpg,113828,,false
CLK-031,"LIGHT FORMS 1.JPG","ClickUP 4.0 x Claude Code/LIGHTFORMS cancelamento e reembolso/",9,vendor-cancellation/lightforms-make,09_ARQUIVO_LEGADO/vendor-cancellation/lightforms-make/,0.8,"lightforms;screenshot;vendor","Screenshot LightForms",jpg,68712,,false
CLK-032,"LIGHT FORMS 2 _ tela suporte.png","ClickUP 4.0 x Claude Code/LIGHTFORMS cancelamento e reembolso/",9,vendor-cancellation/lightforms-make,09_ARQUIVO_LEGADO/vendor-cancellation/lightforms-make/,0.8,"lightforms;suporte;screenshot;vendor","Tela suporte LightForms",png,1328107,,false
CLK-033,"LIGHT FORMS 3 _ tela whatsapp.png","ClickUP 4.0 x Claude Code/LIGHTFORMS cancelamento e reembolso/",9,vendor-cancellation/lightforms-make,09_ARQUIVO_LEGADO/vendor-cancellation/lightforms-make/,0.8,"lightforms;whatsapp;screenshot;vendor","Tela WhatsApp LightForms",png,107949,,false
CLK-034,"Perplexity _ discussao sobre o cancelamento MAKE.md","ClickUP 4.0 x Claude Code/LIGHTFORMS cancelamento e reembolso/",9,vendor-cancellation/lightforms-make,09_ARQUIVO_LEGADO/vendor-cancellation/lightforms-make/,0.85,"make.com;perplexity;cancelamento;reembolso;vendor","Discussao Perplexity cancelamento assinatura Make.com anual USD108",md,27229,,false
CLK-035,"Screenshot_2026-04-16-10-14-02-706_com.whatsapp.w4b-edit.jpg","ClickUP 4.0 x Claude Code/LIGHTFORMS cancelamento e reembolso/",9,vendor-cancellation/lightforms-make,09_ARQUIVO_LEGADO/vendor-cancellation/lightforms-make/,0.75,"whatsapp-business;screenshot;vendor","Screenshot WhatsApp Business; LGPD: possivel metadado pessoal",jpg,473343,,true
